path	date	wc	source_type	rollup_p_f_b_s	n_explicit	n_suffix	n_inline	tc_refs
/Users/sameralzubaidi/Desktop/kids_marketplace_app/e2e-test-results/2026-05-31T15-31-06/report.md	2026-05-31	0	automated		134	0	0	TC-B02,TC-B06,TC-C03,TC-G01,TC-G02,TC-G03,TC-M13,TC-O01,TC-O02,TC-O03,TC-O04,TC-O05,TC-O06,TC-O07,TC-Q11,TC-Q13,TC-Q14,TC-Q16,TC-R03,TC-R04,TC-R11,TC-R12
/Users/sameralzubaidi/Desktop/kids_marketplace_app/e2e-test-results/2026-06-01T00-10-52/report.md	2026-06-01	0	automated		134	0	0	REG-R01,REG-R02,REG-R03,REG-R04,REG-R05,REG-R06,REG-R07,REG-R08,TC-A01,TC-A02,TC-A03,TC-A04,TC-B01,TC-B02,TC-B03,TC-B04,TC-B05,TC-B06,TC-C01,TC-C02,TC-C03,TC-C04,TC-C05,TC-C06,TC-C07,TC-C08,TC-D01,TC-D02,TC-D03,TC-D04,TC-D05,TC-E01,TC-E02,TC-E03,TC-E04,TC-F01,TC-F02,TC-F03,TC-G01,TC-G02,TC-G03,TC-G04,TC-H01,TC-H02,TC-H03,TC-H04,TC-I01,TC-I02,TC-I03,TC-I04,TC-I05,TC-J01,TC-J02,TC-J03,TC-J04,TC-J05,TC-K01,TC-K02,TC-K03,TC-L01,TC-L02,TC-L03,TC-L04,TC-L05,TC-L06,TC-L07,TC-L08,TC-M01,TC-M02,TC-M03,TC-M04,TC-M05,TC-M06,TC-M07,TC-M08,TC-M09,TC-M10,TC-M11,TC-M12,TC-M13,TC-M14,TC-M15,TC-O01,TC-O02,TC-O03,TC-O04,TC-O05,TC-O06,TC-O07,TC-P08,TC-Q01,TC-Q02,TC-Q03,TC-Q04,TC-Q05,TC-Q06,TC-Q07,TC-Q08,TC-Q09,TC-Q10,TC-Q11,TC-Q12,TC-Q13,TC-Q14,TC-Q15,TC-Q16,TC-Q17,TC-Q18,TC-Q19,TC-Q20,TC-R01,TC-R02,TC-R03,TC-R04,TC-R05,TC-R06,TC-R07,TC-R08,TC-R11,TC-R12,TC-R13
/Users/sameralzubaidi/Desktop/kids_marketplace_app/e2e-test-results/2026-06-01T00-31-27/report.md	2026-06-01	0	automated		134	0	0	REG-R01,REG-R02,REG-R03,REG-R04,REG-R05,REG-R06,REG-R07,REG-R08,TC-A01,TC-A02,TC-A03,TC-A04,TC-B01,TC-B02,TC-B03,TC-B04,TC-B05,TC-B06,TC-C01,TC-C02,TC-C03,TC-C04,TC-C05,TC-C06,TC-C07,TC-C08,TC-D01,TC-D02,TC-D03,TC-D04,TC-D05,TC-E01,TC-E02,TC-E03,TC-E04,TC-E05,TC-E06,TC-F01,TC-F02,TC-F03,TC-G01,TC-G02,TC-G03,TC-G04,TC-H01,TC-H02,TC-H03,TC-H04,TC-I01,TC-I02,TC-I03,TC-I04,TC-I05,TC-J01,TC-J02,TC-J03,TC-J04,TC-J05,TC-K01,TC-K02,TC-K03,TC-L01,TC-L02,TC-L03,TC-L04,TC-L05,TC-L06,TC-L07,TC-L08,TC-M01,TC-M02,TC-M03,TC-M04,TC-M05,TC-M06,TC-M07,TC-M08,TC-M09,TC-M10,TC-M11,TC-M12,TC-M13,TC-M14,TC-M15,TC-N01,TC-N02,TC-O01,TC-O02,TC-O03,TC-O04,TC-O05,TC-O06,TC-O07,TC-P01,TC-P02,TC-P03,TC-P04,TC-P05,TC-P06,TC-P07,TC-P08,TC-Q01,TC-Q02,TC-Q03,TC-Q04,TC-Q05,TC-Q06,TC-Q07,TC-Q08,TC-Q09,TC-Q10,TC-Q11,TC-Q12,TC-Q13,TC-Q14,TC-Q15,TC-Q16,TC-Q17,TC-Q18,TC-Q19,TC-Q20,TC-R01,TC-R02,TC-R03,TC-R04,TC-R05,TC-R06,TC-R07,TC-R08,TC-R09,TC-R10,TC-R11,TC-R12,TC-R13
/Users/sameralzubaidi/Desktop/kids_marketplace_app/e2e-test-results/2026-06-02T10-55-31/report.md	2026-06-02	0	automated		117	0	0	TC-B02,TC-B06,TC-C03,TC-G01,TC-G02,TC-G03,TC-M13,TC-Q11,TC-Q13,TC-Q14,TC-Q16,TC-R03,TC-R04,TC-R11,TC-R12
/Users/sameralzubaidi/Desktop/kids_marketplace_app/e2e-test-results/2026-06-02T10-55-54/report.md	2026-06-02	0	automated		117	0	0	TC-B02,TC-B06,TC-C03,TC-G01,TC-G02,TC-G03,TC-M13,TC-Q11,TC-Q13,TC-Q14,TC-Q16,TC-R03,TC-R04,TC-R11,TC-R12
/Users/sameralzubaidi/Desktop/kids_marketplace_app/e2e-test-results/2026-06-02T11-11-23/report.md	2026-06-02	0	automated		117	0	0	TC-B02,TC-B06,TC-C03,TC-G01,TC-G02,TC-G03,TC-M13,TC-Q11,TC-Q13,TC-Q14,TC-Q16,TC-R03,TC-R04,TC-R11,TC-R12
/Users/sameralzubaidi/Desktop/kids_marketplace_app/e2e-test-results/2026-06-02T11-24-07/report.md	2026-06-02	0	automated		117	0	0	TC-B02,TC-B06,TC-C03,TC-G01,TC-G02,TC-G03,TC-M13,TC-Q11,TC-Q13,TC-Q14,TC-Q16,TC-R03,TC-R04,TC-R11,TC-R12
/Users/sameralzubaidi/Desktop/kids_marketplace_app/e2e-test-results/2026-06-02T11-32-53/report.md	2026-06-02	0	automated		117	0	0	REG-R02,REG-R06,REG-R07,REG-R08,TC-A01,TC-A02,TC-A03,TC-A04,TC-B01,TC-B02,TC-B03,TC-B04,TC-B05,TC-B06,TC-C01,TC-C02,TC-C03,TC-C04,TC-C05,TC-C06,TC-C07,TC-C08,TC-E01,TC-E02,TC-E03,TC-E04,TC-F01,TC-F02,TC-F03,TC-G01,TC-G02,TC-G03,TC-H01,TC-H02,TC-H03,TC-H04,TC-I01,TC-I02,TC-I03,TC-I04,TC-I05,TC-M01,TC-M02,TC-M03,TC-M04,TC-M05,TC-M06,TC-M07,TC-M08,TC-M09,TC-M10,TC-M11,TC-M12,TC-M13,TC-M14,TC-M15,TC-O01,TC-O02,TC-O03,TC-O04,TC-O05,TC-O06,TC-O07,TC-Q01,TC-Q02,TC-Q03,TC-Q04,TC-Q05,TC-Q06,TC-Q07,TC-Q08,TC-Q09,TC-Q10,TC-Q11,TC-Q12,TC-Q13,TC-Q14,TC-Q15,TC-Q16,TC-Q17,TC-R01,TC-R02,TC-R03,TC-R04,TC-R07,TC-R08,TC-R11,TC-R12,TC-R13
/Users/sameralzubaidi/Desktop/kids_marketplace_app/e2e-test-results/2026-06-02T12-16-02/report.md	2026-06-02	0	automated		117	0	0	REG-R01,REG-R02,REG-R03,REG-R04,REG-R05,REG-R06,REG-R07,REG-R08,TC-A01,TC-A02,TC-A03,TC-A04,TC-B01,TC-B02,TC-B03,TC-B04,TC-B05,TC-B06,TC-C01,TC-C02,TC-C03,TC-C04,TC-C05,TC-C06,TC-C07,TC-C08,TC-D01,TC-D02,TC-D03,TC-D04,TC-D05,TC-E01,TC-E02,TC-E03,TC-E04,TC-F01,TC-F02,TC-F03,TC-G01,TC-G02,TC-G03,TC-G04,TC-H01,TC-H02,TC-H03,TC-H04,TC-I01,TC-I02,TC-I03,TC-I04,TC-I05,TC-J01,TC-J02,TC-J03,TC-J04,TC-J05,TC-K01,TC-K02,TC-K03,TC-L01,TC-L02,TC-L03,TC-L04,TC-L05,TC-L06,TC-L07,TC-L08,TC-M01,TC-M02,TC-M03,TC-M04,TC-M05,TC-M06,TC-M07,TC-M08,TC-M09,TC-M10,TC-M11,TC-M12,TC-M13,TC-M14,TC-M15,TC-O01,TC-O02,TC-O03,TC-O04,TC-O05,TC-O06,TC-O07,TC-Q01,TC-Q02,TC-Q03,TC-Q04,TC-Q05,TC-Q06,TC-Q07,TC-Q08,TC-Q09,TC-Q10,TC-Q11,TC-Q12,TC-Q13,TC-Q14,TC-Q15,TC-Q16,TC-Q17,TC-R01,TC-R02,TC-R03,TC-R04,TC-R05,TC-R06,TC-R07,TC-R08,TC-R11,TC-R12,TC-R13
/Users/sameralzubaidi/Desktop/kids_marketplace_app/e2e-test-results/2026-06-05T18-58-08/report.md	2026-06-05	0	automated		1	0	0	TC-A01
/Users/sameralzubaidi/Desktop/kids_marketplace_app/e2e-test-results/2026-06-20T16-47-48/report.md	2026-06-20	0	automated		134	0	0	REG-R01,REG-R02,REG-R03,REG-R04,REG-R05,REG-R06,REG-R07,REG-R08,TC-A01,TC-A02,TC-A03,TC-A04,TC-B01,TC-B02,TC-B03,TC-B04,TC-B05,TC-B06,TC-C01,TC-C02,TC-C03,TC-C04,TC-C05,TC-C06,TC-C07,TC-C08,TC-D01,TC-D02,TC-D03,TC-D04,TC-D05,TC-E01,TC-E02,TC-E03,TC-E04,TC-E05,TC-E06,TC-F01,TC-F02,TC-F03,TC-G01,TC-G02,TC-G03,TC-G04,TC-H01,TC-H02,TC-H03,TC-H04,TC-I01,TC-I02,TC-I03,TC-I04,TC-I05,TC-J01,TC-J02,TC-J03,TC-J04,TC-J05,TC-K01,TC-K02,TC-K03,TC-L01,TC-L02,TC-L03,TC-L04,TC-L05,TC-L06,TC-L07,TC-L08,TC-M01,TC-M02,TC-M03,TC-M04,TC-M05,TC-M06,TC-M07,TC-M08,TC-M09,TC-M10,TC-M11,TC-M12,TC-M13,TC-M14,TC-M15,TC-N01,TC-N02,TC-O01,TC-O02,TC-O03,TC-O04,TC-O05,TC-O06,TC-O07,TC-P01,TC-P02,TC-P03,TC-P04,TC-P05,TC-P06,TC-P07,TC-P08,TC-Q01,TC-Q02,TC-Q03,TC-Q04,TC-Q05,TC-Q06,TC-Q07,TC-Q08,TC-Q09,TC-Q10,TC-Q11,TC-Q12,TC-Q13,TC-Q14,TC-Q15,TC-Q16,TC-Q17,TC-Q18,TC-Q19,TC-Q20,TC-R01,TC-R02,TC-R03,TC-R04,TC-R05,TC-R06,TC-R07,TC-R08,TC-R09,TC-R10,TC-R11,TC-R12,TC-R13
/Users/sameralzubaidi/Desktop/kids_marketplace_app/e2e-test-results/2026-06-24T21-08-11/report.md	2026-06-24	0	automated		134	0	0	REG-R01,REG-R02,REG-R03,REG-R04,REG-R05,REG-R06,REG-R07,REG-R08,TC-A01,TC-A02,TC-A03,TC-A04,TC-B01,TC-B02,TC-B03,TC-B04,TC-B05,TC-B06,TC-C01,TC-C02,TC-C03,TC-C04,TC-C05,TC-C06,TC-C07,TC-C08,TC-D01,TC-D02,TC-D03,TC-D04,TC-D05,TC-E01,TC-E02,TC-E03,TC-E04,TC-E05,TC-E06,TC-F01,TC-F02,TC-F03,TC-G01,TC-G02,TC-G03,TC-G04,TC-H01,TC-H02,TC-H03,TC-H04,TC-I01,TC-I02,TC-I03,TC-I04,TC-I05,TC-J01,TC-J02,TC-J03,TC-J04,TC-J05,TC-K01,TC-K02,TC-K03,TC-L01,TC-L02,TC-L03,TC-L04,TC-L05,TC-L06,TC-L07,TC-L08,TC-M01,TC-M02,TC-M03,TC-M04,TC-M05,TC-M06,TC-M07,TC-M08,TC-M09,TC-M10,TC-M11,TC-M12,TC-M13,TC-M14,TC-M15,TC-N01,TC-N02,TC-O01,TC-O02,TC-O03,TC-O04,TC-O05,TC-O06,TC-O07,TC-P01,TC-P02,TC-P03,TC-P04,TC-P05,TC-P06,TC-P07,TC-P08,TC-Q01,TC-Q02,TC-Q03,TC-Q04,TC-Q05,TC-Q06,TC-Q07,TC-Q08,TC-Q09,TC-Q10,TC-Q11,TC-Q12,TC-Q13,TC-Q14,TC-Q15,TC-Q16,TC-Q17,TC-Q18,TC-Q19,TC-Q20,TC-R01,TC-R02,TC-R03,TC-R04,TC-R05,TC-R06,TC-R07,TC-R08,TC-R09,TC-R10,TC-R11,TC-R12,TC-R13
/Users/sameralzubaidi/Desktop/kids_marketplace_app/e2e-test-results/combined-verification-2026-08-18/report.md	2026-08-18	0	manual	5/0/0/0	0	0	1	AUTH-TC-F03,AUTH-TC-H06,TC-F03,TC-H06
/Users/sameralzubaidi/Desktop/kids_marketplace_app/e2e-test-results/group-a-b-d-auth-2026-08-23/report.md	2026-08-23	0	manual	23/0/0/0	23	0	0	AUTH-TC-A01,AUTH-TC-A02,AUTH-TC-A03,AUTH-TC-A04,AUTH-TC-A05,AUTH-TC-A06,AUTH-TC-A07,AUTH-TC-A08,AUTH-TC-B01,AUTH-TC-B02,AUTH-TC-B03,AUTH-TC-B04,AUTH-TC-B05,AUTH-TC-B06,AUTH-TC-B07,AUTH-TC-B08,AUTH-TC-B09,AUTH-TC-B10,AUTH-TC-B11,AUTH-TC-B12,AUTH-TC-D01,AUTH-TC-D02,AUTH-TC-D03,TC-A01,TC-A02,TC-A03,TC-A04,TC-A05,TC-A06,TC-A07,TC-A08,TC-B01,TC-B02,TC-B03,TC-B04,TC-B05,TC-B06,TC-B07,TC-B08,TC-B09,TC-B10,TC-B11,TC-B12,TC-D01,TC-D02,TC-D03
/Users/sameralzubaidi/Desktop/kids_marketplace_app/e2e-test-results/group-fg-nodes-zip-gating-2026-08-23/report.md	2026-08-23	0	manual	12/0/0/0	12	0	12	AUTH-TC-F01,AUTH-TC-F02,AUTH-TC-F03,AUTH-TC-F04,AUTH-TC-F05,AUTH-TC-F06,AUTH-TC-G01,AUTH-TC-G02,AUTH-TC-G03,AUTH-TC-G04,AUTH-TC-G05,AUTH-TC-G06,TC-F01,TC-F02,TC-F03,TC-F04,TC-F05,TC-F06,TC-G01,TC-G02,TC-G03,TC-G04,TC-G05,TC-G06
/Users/sameralzubaidi/Desktop/kids_marketplace_app/e2e-test-results/group-h-profile-setup-2026-08-23/report.md	2026-08-23	0	manual	4/0/3/0	7	0	7	AUTH-TC-H01,AUTH-TC-H02,AUTH-TC-H03,AUTH-TC-H04,AUTH-TC-H05,AUTH-TC-H06,AUTH-TC-H07,TC-H01,TC-H02,TC-H03,TC-H04,TC-H05,TC-H06,TC-H07
/Users/sameralzubaidi/Desktop/kids_marketplace_app/e2e-test-results/group-i-subscription-choice-2026-08-23/report.md	2026-08-23	0	manual	0/0/3/0	3	0	0	AUTH-TC-I01,AUTH-TC-I02,AUTH-TC-I03,TC-I01,TC-I02,TC-I03
/Users/sameralzubaidi/Desktop/kids_marketplace_app/e2e-test-results/group-j-closure-j02-j04-j11-j12-j13-j15-2026-08-24/report.md	2026-08-24	838	manual	6/0/0/0	6	0	7	AUTH-TC-J02,AUTH-TC-J04,AUTH-TC-J05,AUTH-TC-J11,AUTH-TC-J12,AUTH-TC-J13,AUTH-TC-J15,TC-J02,TC-J04,TC-J05,TC-J11,TC-J12,TC-J13,TC-J15
/Users/sameralzubaidi/Desktop/kids_marketplace_app/e2e-test-results/group-j-h-closure-2026-08-24/report.md	2026-08-24	936	manual	3/0/0/0	0	2	2	AUTH-TC-H01,AUTH-TC-J05,TC-H01,TC-J05
/Users/sameralzubaidi/Desktop/kids_marketplace_app/e2e-test-results/group-j-listing-creation-single-2026-08-24/report.md	2026-08-24	528	manual	8/1/5/0	14	0	14	AUTH-TC-J01,AUTH-TC-J02,AUTH-TC-J03,AUTH-TC-J04,AUTH-TC-J05,AUTH-TC-J06,AUTH-TC-J07,AUTH-TC-J08,AUTH-TC-J09,AUTH-TC-J11,AUTH-TC-J12,AUTH-TC-J13,AUTH-TC-J14,AUTH-TC-J15,TC-J01,TC-J02,TC-J03,TC-J04,TC-J05,TC-J06,TC-J07,TC-J08,TC-J09,TC-J11,TC-J12,TC-J13,TC-J14,TC-J15
/Users/sameralzubaidi/Desktop/kids_marketplace_app/e2e-test-results/group-l-playwright-l01-l04-2026-08-21/report.md	2026-08-21	0	manual	0/0/4/0	4	0	5	AUTH-TC-L01,AUTH-TC-L02,AUTH-TC-L03,AUTH-TC-L04,TC-L01,TC-L02,TC-L03,TC-L04
/Users/sameralzubaidi/Desktop/kids_marketplace_app/e2e-test-results/group-l-reverify-l01-l04-2026-08-21/report.md	2026-08-21	0	manual	4/0/0/0	0	4	0	AUTH-TC-L01,TC-L01
/Users/sameralzubaidi/Desktop/kids_marketplace_app/e2e-test-results/group-m-discover-2026-08-22/report.md	2026-08-22	0	manual	10/0/0/0	10	0	10	AUTH-TC-M01,AUTH-TC-M02,AUTH-TC-M03,AUTH-TC-M04,AUTH-TC-M05,AUTH-TC-M06,AUTH-TC-M07,AUTH-TC-M08,AUTH-TC-M09,AUTH-TC-M10,TC-M01,TC-M02,TC-M03,TC-M04,TC-M05,TC-M06,TC-M07,TC-M08,TC-M09,TC-M10
/Users/sameralzubaidi/Desktop/kids_marketplace_app/e2e-test-results/group-n-discovery-category-favorites-2026-08-22/report.md	2026-08-22	0	manual	4/0/0/0	4	0	5	AUTH-TC-N01,AUTH-TC-N02,AUTH-TC-N03,AUTH-TC-N04,AUTH-TC-O01,TC-N01,TC-N02,TC-N03,TC-N04,TC-O01
/Users/sameralzubaidi/Desktop/kids_marketplace_app/e2e-test-results/group-o-closeout-o03-o01-2026-08-22/report.md	2026-08-22	0	manual	2/0/0/0	2	0	2	AUTH-TC-O01,AUTH-TC-O03,TC-O01,TC-O03
/Users/sameralzubaidi/Desktop/kids_marketplace_app/e2e-test-results/group-o-node-scope-2026-08-22/report.md	2026-08-22	0	manual	5/0/0/0	5	0	5	AUTH-TC-O01,AUTH-TC-O02,AUTH-TC-O03,AUTH-TC-O04,AUTH-TC-O05,TC-O01,TC-O02,TC-O03,TC-O04,TC-O05
/Users/sameralzubaidi/Desktop/kids_marketplace_app/e2e-test-results/group-p-full-run-19-cases-2026-08-23/report.md	2026-08-23	0	manual		19	0	19	AUTH-TC-P01,AUTH-TC-P02,AUTH-TC-P03,AUTH-TC-P04,AUTH-TC-P05,AUTH-TC-P06,AUTH-TC-P07,AUTH-TC-P08,AUTH-TC-P09,AUTH-TC-P10,AUTH-TC-P11,AUTH-TC-P12,AUTH-TC-P13,AUTH-TC-P14,AUTH-TC-P15,AUTH-TC-P16,AUTH-TC-P17,AUTH-TC-P18,AUTH-TC-P19,TC-P01,TC-P02,TC-P03,TC-P04,TC-P05,TC-P06,TC-P07,TC-P08,TC-P09,TC-P10,TC-P11,TC-P12,TC-P13,TC-P14,TC-P15,TC-P16,TC-P17,TC-P18,TC-P19
/Users/sameralzubaidi/Desktop/kids_marketplace_app/e2e-test-results/group-p-reverify-appheader-composer-2026-08-23/report.md	2026-08-23	0	manual	3/0/0/0	0	0	0	
/Users/sameralzubaidi/Desktop/kids_marketplace_app/e2e-test-results/group-qs-calibration-2026-08-23/report.md	2026-08-23	0	manual		18	4	0	AUTH-TC-Q01,AUTH-TC-Q02,AUTH-TC-Q03,AUTH-TC-Q04,AUTH-TC-Q05,AUTH-TC-Q06,AUTH-TC-Q07,AUTH-TC-S01,AUTH-TC-S02,AUTH-TC-S03,AUTH-TC-S04,AUTH-TC-S05,AUTH-TC-S06,AUTH-TC-S07,AUTH-TC-S08,AUTH-TC-S09,AUTH-TC-S10,AUTH-TC-S11,TC-Q01,TC-Q02,TC-Q03,TC-Q04,TC-Q05,TC-Q06,TC-Q07,TC-S01,TC-S02,TC-S03,TC-S04,TC-S05,TC-S06,TC-S07,TC-S08,TC-S09,TC-S10,TC-S11
/Users/sameralzubaidi/Desktop/kids_marketplace_app/e2e-test-results/group-qs-fix-verify-2026-08-23/report.md	2026-08-23	0	manual		0	0	0	
/Users/sameralzubaidi/Desktop/kids_marketplace_app/e2e-test-results/itemcreate-scroll-investigation-2026-08-17/report.md	2026-08-17	0	manual		0	0	0	
/Users/sameralzubaidi/Desktop/kids_marketplace_app/e2e-test-results/phase14-auth-pw-recovery-2026-08-16/report.md	2026-08-16	0	manual	3/0/5/0	8	0	8	AUTH-TC-S01,AUTH-TC-S02,AUTH-TC-S03,AUTH-TC-S04,AUTH-TC-S05,AUTH-TC-S07,AUTH-TC-S08,AUTH-TC-S10,TC-S01,TC-S02,TC-S03,TC-S04,TC-S05,TC-S07,TC-S08,TC-S10
/Users/sameralzubaidi/Desktop/kids_marketplace_app/e2e-test-results/phase15-auth-group-s-reverify-2026-08-16/report.md	2026-08-16	0	manual	4/0/1/0	5	0	5	AUTH-TC-S07,AUTH-TC-S08,AUTH-TC-S09,AUTH-TC-S10,AUTH-TC-S11,TC-S07,TC-S08,TC-S09,TC-S10,TC-S11
/Users/sameralzubaidi/Desktop/kids_marketplace_app/e2e-test-results/phase16-auth-group-s-closeout-2026-08-16/report.md	2026-08-16	0	manual	2/0/0/0	2	1	2	AUTH-TC-S08,AUTH-TC-S11,TC-S08,TC-S11
/Users/sameralzubaidi/Desktop/kids_marketplace_app/e2e-test-results/phase17-auth-groups-ab-2026-08-16/report.md	2026-08-16	0	manual	15/0/2/0	17	2	17	AUTH-TC-A01,AUTH-TC-A02,AUTH-TC-A03,AUTH-TC-A04,AUTH-TC-A05,AUTH-TC-A06,AUTH-TC-A07,AUTH-TC-A08,AUTH-TC-B01,AUTH-TC-B02,AUTH-TC-B03,AUTH-TC-B04,AUTH-TC-B05,AUTH-TC-B06,AUTH-TC-B07,AUTH-TC-B08,AUTH-TC-B09,AUTH-TC-B10,TC-A01,TC-A02,TC-A03,TC-A04,TC-A05,TC-A06,TC-A07,TC-A08,TC-B01,TC-B02,TC-B03,TC-B04,TC-B05,TC-B06,TC-B07,TC-B08,TC-B09,TC-B10
/Users/sameralzubaidi/Desktop/kids_marketplace_app/e2e-test-results/phase18-auth-group-c-social-login-2026-08-16/report.md	2026-08-16	0	manual	0/3/4/0	7	0	7	AUTH-TC-C01,AUTH-TC-C02,AUTH-TC-C03,AUTH-TC-C04,AUTH-TC-C05,AUTH-TC-C06,AUTH-TC-C07,TC-C01,TC-C02,TC-C03,TC-C04,TC-C05,TC-C06,TC-C07
/Users/sameralzubaidi/Desktop/kids_marketplace_app/e2e-test-results/phase19-auth-group-c-closeout-2026-08-16/report.md	2026-08-16	0	manual	1/0/6/0	7	10	8	AUTH-TC-C01,AUTH-TC-C02,AUTH-TC-C03,AUTH-TC-C04,AUTH-TC-C05,AUTH-TC-C06,AUTH-TC-C07,TC-C01,TC-C02,TC-C03,TC-C04,TC-C05,TC-C06,TC-C07
/Users/sameralzubaidi/Desktop/kids_marketplace_app/e2e-test-results/phase20-auth-group-c-closure-2026-08-16/report.md	2026-08-16	0	manual	1/1/1/0	3	0	3	AUTH-TC-C01,AUTH-TC-C02,AUTH-TC-C04,TC-C01,TC-C02,TC-C04
/Users/sameralzubaidi/Desktop/kids_marketplace_app/e2e-test-results/phase21-auth-group-c01-google-2026-08-16/report.md	2026-08-16	1238	manual	1/0/0/0	0	0	1	AUTH-TC-C01,TC-C01
/Users/sameralzubaidi/Desktop/kids_marketplace_app/e2e-test-results/phase22-auth-group-b-d-e-2026-08-17/report.md	2026-08-17	0	manual	8/0/2/1	11	0	14	AUTH-TC-B10,AUTH-TC-B11,AUTH-TC-B12,AUTH-TC-D01,AUTH-TC-D02,AUTH-TC-D03,AUTH-TC-E01,AUTH-TC-E02,AUTH-TC-E03,AUTH-TC-E04,AUTH-TC-E05,TC-B10,TC-B11,TC-B12,TC-D01,TC-D02,TC-D03,TC-E01,TC-E02,TC-E03,TC-E04,TC-E05
/Users/sameralzubaidi/Desktop/kids_marketplace_app/e2e-test-results/phase23-auth-group-f-h-i-e05-2026-08-17/report.md	2026-08-17	0	manual	9/1/7/0	0	18	0	AUTH-TC-E05,TC-E05
/Users/sameralzubaidi/Desktop/kids_marketplace_app/e2e-test-results/phase23-wrapup-f06-reverify-f07-h03-2026-08-18/report.md	2026-08-18	0	manual		3	0	3	AUTH-TC-F06,AUTH-TC-F07,AUTH-TC-H03,AUTH-TC-S03,TC-F06,TC-F07,TC-H03,TC-S03
/Users/sameralzubaidi/Desktop/kids_marketplace_app/e2e-test-results/phase24-f06-reverify-discover-audit-2026-08-17/report.md	2026-08-17	0	manual		0	1	0	AUTH-TC-F06,TC-F06
/Users/sameralzubaidi/Desktop/kids_marketplace_app/e2e-test-results/phase25-auth-group-k-bulk-2026-08-19/report.md	2026-08-19	0	manual		6	0	6	AUTH-TC-K01,AUTH-TC-K02,AUTH-TC-K03,AUTH-TC-K04,AUTH-TC-K05,AUTH-TC-K06,TC-K01,TC-K02,TC-K03,TC-K04,TC-K05,TC-K06
/Users/sameralzubaidi/Desktop/kids_marketplace_app/e2e-test-results/phase26-bulk-four-fixes-verify-2026-08-20/report.md	2026-08-20	0	manual		0	1	0	AUTH-TC-K01,TC-K01
/Users/sameralzubaidi/Desktop/kids_marketplace_app/e2e-test-results/phase27-groupk-ax-reverify-2026-08-20/report.md	2026-08-20	0	manual	4/0/0/0	0	3	0	AUTH-TC-K01,TC-K01
/Users/sameralzubaidi/Desktop/kids_marketplace_app/e2e-test-results/qa-combined-verify-e05-c04-f06-2026-08-18/report.md	2026-08-18	0	manual	1/1/1/0	2	1	0	AUTH-TC-C04,AUTH-TC-E05,AUTH-TC-F06,AUTH-TC-H06,TC-C04,TC-E05,TC-F06,TC-H06
/Users/sameralzubaidi/Desktop/kids_marketplace_app/e2e-test-results/qa-final-verify-e05-c04-2026-08-19/report.md	2026-08-19	0	manual	2/0/0/0	1	1	1	AUTH-TC-C04,AUTH-TC-E05,TC-C04,TC-E05
/Users/sameralzubaidi/Desktop/kids_marketplace_app/e2e-test-results/spotcheck-h01-avatar-carousel-2026-08-23/report.md	2026-08-23	0	manual		0	0	0	AUTH-TC-H01,AUTH-TC-H06,TC-H01,TC-H06
/Users/sameralzubaidi/Desktop/kids_marketplace_app/e2e-test-results/spotcheck-sweeps-2026-08-23/report.md	2026-08-23	0	manual		0	2	0	AUTH-TC-B02,TC-B02
/Users/sameralzubaidi/Desktop/kids_marketplace_app/e2e-test-results/stage2/report.md	2026-08-11	0	manual		0	0	0	TC-A02,TC-A03,TC-A04,TC-A05,TC-A06,TC-A07,TC-B01,TC-B02,TC-B03,TC-B04,TC-B05,TC-B06
/Users/sameralzubaidi/Desktop/kids_marketplace_app/e2e-test-results/stage3/report.md	2026-08-11	0	manual		0	0	0	TC-A05
/Users/sameralzubaidi/Desktop/kids_marketplace_app/e2e-test-results/tabbar-after-skip-recheck-2026-08-18/report.md	2026-08-18	0	manual		0	0	0	AUTH-TC-H06,AUTH-TC-H07,TC-H06,TC-H07
/Users/sameralzubaidi/Desktop/kids_marketplace_app/test-automation/trade-flow-v2/reports/2026-05-31T13-04-19-345Z/report.md	2026-05-31	0	automated		6	0	0	TC-N01,TC-N02
/Users/sameralzubaidi/Desktop/kids_marketplace_app/test-automation/trade-flow-v2/reports/2026-05-31T15-04-42-404Z/report.md	2026-05-31	0	automated		19	0	0	TC-M13
/Users/sameralzubaidi/Desktop/kids_marketplace_app/test-automation/trade-flow-v2/reports/2026-05-31T15-09-46-669Z/report.md	2026-05-31	0	automated		4	0	0	TC-A01,TC-A02,TC-A03,TC-M13
/Users/sameralzubaidi/Desktop/kids_marketplace_app/test-automation/trade-flow-v2/reports/2026-05-31T15-12-10-443Z/report.md	2026-05-31	0	automated		19	0	0	TC-A01,TC-A02,TC-A03,TC-A04,TC-M01,TC-M02,TC-M03,TC-M04,TC-M05,TC-M06,TC-M07,TC-M08,TC-M09,TC-M10,TC-M11,TC-M12,TC-M13,TC-M14,TC-M15
/Users/sameralzubaidi/Desktop/kids_marketplace_app/test-automation/trade-flow-v2/reports/2026-06-02T10-47-07-787Z/report.md	2026-06-02	0	automated		117	0	0	REG-R01,REG-R02,REG-R03,REG-R04,REG-R05,REG-R06,REG-R07,REG-R08,TC-A01,TC-A02,TC-A03,TC-A04,TC-B01,TC-B02,TC-B03,TC-B04,TC-B05,TC-B06,TC-C01,TC-C02,TC-C03,TC-C04,TC-C05,TC-C06,TC-C07,TC-C08,TC-D01,TC-D02,TC-D03,TC-D04,TC-D05,TC-E01,TC-E02,TC-E03,TC-E04,TC-F01,TC-F02,TC-F03,TC-G01,TC-G02,TC-G03,TC-G04,TC-H01,TC-H02,TC-H03,TC-H04,TC-I01,TC-I02,TC-I03,TC-I04,TC-I05,TC-J01,TC-J02,TC-J03,TC-J04,TC-J05,TC-K01,TC-K02,TC-K03,TC-L01,TC-L02,TC-L03,TC-L04,TC-L05,TC-L06,TC-L07,TC-L08,TC-M01,TC-M02,TC-M03,TC-M04,TC-M05,TC-M06,TC-M07,TC-M08,TC-M09,TC-M10,TC-M11,TC-M12,TC-M13,TC-M14,TC-M15,TC-O01,TC-O02,TC-O03,TC-O04,TC-O05,TC-O06,TC-O07,TC-Q01,TC-Q02,TC-Q03,TC-Q04,TC-Q05,TC-Q06,TC-Q07,TC-Q08,TC-Q09,TC-Q10,TC-Q11,TC-Q12,TC-Q13,TC-Q14,TC-Q15,TC-Q16,TC-Q17,TC-R01,TC-R02,TC-R03,TC-R04,TC-R05,TC-R06,TC-R07,TC-R08,TC-R11,TC-R12,TC-R13
