path	date	wc	source_type	src_kind	rollup_p_f_b_s	n_explicit	n_suffix	n_inline	tc_refs
e2e-test-results/2026-08-27T19-20-18/report.md	2026-08-27	0	automated	report.md		26	0	0	TC-A01,TC-A02,TC-A03,TC-A04,TC-B01,TC-B02,TC-B03,TC-B04,TC-B05,TC-B06,TC-C01,TC-C02,TC-C03,TC-C04,TC-C05,TC-C06,TC-C07,TC-C08,TC-D01,TC-D02,TC-D03,TC-D04,TC-D05,TC-F01,TC-F02,TC-F03,TRD-TC-A01,TRD-TC-A02,TRD-TC-A03,TRD-TC-A04,TRD-TC-B01,TRD-TC-B02,TRD-TC-B03,TRD-TC-B04,TRD-TC-B05,TRD-TC-B06,TRD-TC-C01,TRD-TC-C02,TRD-TC-C03,TRD-TC-C04,TRD-TC-C05,TRD-TC-C06,TRD-TC-C07,TRD-TC-C08,TRD-TC-D01,TRD-TC-D02,TRD-TC-D03,TRD-TC-D04,TRD-TC-D05,TRD-TC-F01,TRD-TC-F02,TRD-TC-F03
e2e-test-results/2026-08-27T19-20-18/results.json	2026-08-27	0	automated	results.json		26	0	0	TC-A01,TC-A02,TC-A03,TC-A04,TC-B01,TC-B02,TC-B03,TC-B04,TC-B05,TC-B06,TC-C01,TC-C02,TC-C03,TC-C04,TC-C05,TC-C06,TC-C07,TC-C08,TC-D01,TC-D02,TC-D03,TC-D04,TC-D05,TC-F01,TC-F02,TC-F03,TRD-TC-A01,TRD-TC-A02,TRD-TC-A03,TRD-TC-A04,TRD-TC-B01,TRD-TC-B02,TRD-TC-B03,TRD-TC-B04,TRD-TC-B05,TRD-TC-B06,TRD-TC-C01,TRD-TC-C02,TRD-TC-C03,TRD-TC-C04,TRD-TC-C05,TRD-TC-C06,TRD-TC-C07,TRD-TC-C08,TRD-TC-D01,TRD-TC-D02,TRD-TC-D03,TRD-TC-D04,TRD-TC-D05,TRD-TC-F01,TRD-TC-F02,TRD-TC-F03
e2e-test-results/2026-08-27T21-10-57/report.md	2026-08-27	0	automated	report.md		26	0	0	TC-A01,TC-A02,TC-A03,TC-A04,TC-B01,TC-B02,TC-B03,TC-B04,TC-B05,TC-B06,TC-C01,TC-C02,TC-C03,TC-C04,TC-C05,TC-C06,TC-C07,TC-C08,TC-D01,TC-D02,TC-D03,TC-D04,TC-D05,TC-F01,TC-F02,TC-F03,TRD-TC-A01,TRD-TC-A02,TRD-TC-A03,TRD-TC-A04,TRD-TC-B01,TRD-TC-B02,TRD-TC-B03,TRD-TC-B04,TRD-TC-B05,TRD-TC-B06,TRD-TC-C01,TRD-TC-C02,TRD-TC-C03,TRD-TC-C04,TRD-TC-C05,TRD-TC-C06,TRD-TC-C07,TRD-TC-C08,TRD-TC-D01,TRD-TC-D02,TRD-TC-D03,TRD-TC-D04,TRD-TC-D05,TRD-TC-F01,TRD-TC-F02,TRD-TC-F03
e2e-test-results/2026-08-27T21-10-57/results.json	2026-08-27	0	automated	results.json		26	0	0	TC-A01,TC-A02,TC-A03,TC-A04,TC-B01,TC-B02,TC-B03,TC-B04,TC-B05,TC-B06,TC-C01,TC-C02,TC-C03,TC-C04,TC-C05,TC-C06,TC-C07,TC-C08,TC-D01,TC-D02,TC-D03,TC-D04,TC-D05,TC-F01,TC-F02,TC-F03,TRD-TC-A01,TRD-TC-A02,TRD-TC-A03,TRD-TC-A04,TRD-TC-B01,TRD-TC-B02,TRD-TC-B03,TRD-TC-B04,TRD-TC-B05,TRD-TC-B06,TRD-TC-C01,TRD-TC-C02,TRD-TC-C03,TRD-TC-C04,TRD-TC-C05,TRD-TC-C06,TRD-TC-C07,TRD-TC-C08,TRD-TC-D01,TRD-TC-D02,TRD-TC-D03,TRD-TC-D04,TRD-TC-D05,TRD-TC-F01,TRD-TC-F02,TRD-TC-F03
e2e-test-results/2026-08-27T23-22-18/report.md	2026-08-27	0	automated	report.md		26	0	0	TC-A01,TC-A02,TC-A03,TC-A04,TC-B01,TC-B02,TC-B03,TC-B04,TC-B05,TC-B06,TC-C01,TC-C02,TC-C03,TC-C04,TC-C05,TC-C06,TC-C07,TC-C08,TC-D01,TC-D02,TC-D03,TC-D04,TC-D05,TC-F01,TC-F02,TC-F03,TRD-TC-A01,TRD-TC-A02,TRD-TC-A03,TRD-TC-A04,TRD-TC-B01,TRD-TC-B02,TRD-TC-B03,TRD-TC-B04,TRD-TC-B05,TRD-TC-B06,TRD-TC-C01,TRD-TC-C02,TRD-TC-C03,TRD-TC-C04,TRD-TC-C05,TRD-TC-C06,TRD-TC-C07,TRD-TC-C08,TRD-TC-D01,TRD-TC-D02,TRD-TC-D03,TRD-TC-D04,TRD-TC-D05,TRD-TC-F01,TRD-TC-F02,TRD-TC-F03
e2e-test-results/2026-08-27T23-22-18/results.json	2026-08-27	0	automated	results.json		26	0	0	TC-A01,TC-A02,TC-A03,TC-A04,TC-B01,TC-B02,TC-B03,TC-B04,TC-B05,TC-B06,TC-C01,TC-C02,TC-C03,TC-C04,TC-C05,TC-C06,TC-C07,TC-C08,TC-D01,TC-D02,TC-D03,TC-D04,TC-D05,TC-F01,TC-F02,TC-F03,TRD-TC-A01,TRD-TC-A02,TRD-TC-A03,TRD-TC-A04,TRD-TC-B01,TRD-TC-B02,TRD-TC-B03,TRD-TC-B04,TRD-TC-B05,TRD-TC-B06,TRD-TC-C01,TRD-TC-C02,TRD-TC-C03,TRD-TC-C04,TRD-TC-C05,TRD-TC-C06,TRD-TC-C07,TRD-TC-C08,TRD-TC-D01,TRD-TC-D02,TRD-TC-D03,TRD-TC-D04,TRD-TC-D05,TRD-TC-F01,TRD-TC-F02,TRD-TC-F03
e2e-test-results/2026-08-27T23-30-35/report.md	2026-08-27	0	automated	report.md		26	0	0	TC-A01,TC-A02,TC-A03,TC-A04,TC-B01,TC-B02,TC-B03,TC-B04,TC-B05,TC-B06,TC-C01,TC-C02,TC-C03,TC-C04,TC-C05,TC-C06,TC-C07,TC-C08,TC-D01,TC-D02,TC-D03,TC-D04,TC-D05,TC-F01,TC-F02,TC-F03,TRD-TC-A01,TRD-TC-A02,TRD-TC-A03,TRD-TC-A04,TRD-TC-B01,TRD-TC-B02,TRD-TC-B03,TRD-TC-B04,TRD-TC-B05,TRD-TC-B06,TRD-TC-C01,TRD-TC-C02,TRD-TC-C03,TRD-TC-C04,TRD-TC-C05,TRD-TC-C06,TRD-TC-C07,TRD-TC-C08,TRD-TC-D01,TRD-TC-D02,TRD-TC-D03,TRD-TC-D04,TRD-TC-D05,TRD-TC-F01,TRD-TC-F02,TRD-TC-F03
e2e-test-results/2026-08-27T23-30-35/results.json	2026-08-27	0	automated	results.json		26	0	0	TC-A01,TC-A02,TC-A03,TC-A04,TC-B01,TC-B02,TC-B03,TC-B04,TC-B05,TC-B06,TC-C01,TC-C02,TC-C03,TC-C04,TC-C05,TC-C06,TC-C07,TC-C08,TC-D01,TC-D02,TC-D03,TC-D04,TC-D05,TC-F01,TC-F02,TC-F03,TRD-TC-A01,TRD-TC-A02,TRD-TC-A03,TRD-TC-A04,TRD-TC-B01,TRD-TC-B02,TRD-TC-B03,TRD-TC-B04,TRD-TC-B05,TRD-TC-B06,TRD-TC-C01,TRD-TC-C02,TRD-TC-C03,TRD-TC-C04,TRD-TC-C05,TRD-TC-C06,TRD-TC-C07,TRD-TC-C08,TRD-TC-D01,TRD-TC-D02,TRD-TC-D03,TRD-TC-D04,TRD-TC-D05,TRD-TC-F01,TRD-TC-F02,TRD-TC-F03
e2e-test-results/account-file-b-h-ikl-2026-08-25/report.md	2026-08-25	0	manual	report.md	12/0/10/0	16	0	24	ACC-TC-B02,ACC-TC-B03,ACC-TC-B08,ACC-TC-B09,ACC-TC-H01,ACC-TC-H02,ACC-TC-H03,ACC-TC-H04,ACC-TC-H05,ACC-TC-I01,ACC-TC-I02,ACC-TC-I03,ACC-TC-I04,ACC-TC-I05,ACC-TC-K01,ACC-TC-K02,ACC-TC-K03,ACC-TC-K04,ACC-TC-L01,ACC-TC-L02,ACC-TC-L03,ACC-TC-L04,TC-B02,TC-B03,TC-B08,TC-B09,TC-H01,TC-H02,TC-H03,TC-H04,TC-H05,TC-I01,TC-I02,TC-I03,TC-I04,TC-I05,TC-K01,TC-K02,TC-K03,TC-K04,TC-L01,TC-L02,TC-L03,TC-L04
e2e-test-results/account-file-b02-b03-reverify-2026-08-26/report.md	2026-08-26	0	manual	report.md	2/0/1/1	4	0	7	ACC-TC-B02,ACC-TC-B03,ADM-TC-S03,TC-B02,TC-B03,TC-S03
e2e-test-results/account-file-b03-real-sms-stall-cancel-2026-08-26/report.md	2026-08-26	0	manual	report.md		1	0	1	ACC-TC-B03,TC-B03
e2e-test-results/account-file-f02-g07-closures-2026-08-25/report.md	2026-08-25	0	manual	report.md	2/0/0/0	4	2	2	ACC-TC-F02,ACC-TC-G07,TC-F02,TC-G07
e2e-test-results/account-file-full-closure-b02-b03-h05-h06-h07-s03-l01-l04-2026-08-26/report.md	2026-08-26	0	manual	report.md	5/1/1/1	8	0	17	ACC-TC-B02,ACC-TC-B03,ACC-TC-B10,ACC-TC-H05,ACC-TC-H06,ACC-TC-H07,ACC-TC-L01,ADM-TC-S03,TC-B02,TC-B03,TC-B10,TC-H05,TC-H06,TC-H07,TC-L01,TC-S03
e2e-test-results/account-file-groups-a-g-full-closure-2026-08-25/report.md	2026-08-25	0	manual	report.md	10/0/2/0	20	10	9	ACC-TC-A03,ACC-TC-C03,ACC-TC-C04,ACC-TC-D02,ACC-TC-F01,ACC-TC-F02,ACC-TC-F03,ACC-TC-F04,ACC-TC-G01,ACC-TC-G07,TC-A03,TC-C03,TC-C04,TC-D02,TC-F01,TC-F02,TC-F03,TC-F04,TC-G01,TC-G07
e2e-test-results/account-file-groups-abcd-2026-08-24/decision-outcome-log.md	2026-08-24	0	manual	decision-log	16/0/7/0	0	19	0	
e2e-test-results/account-file-groups-abcd-2026-08-24/report.md	2026-08-24	0	manual	report.md	16/0/7/0	23	0	0	ACC-TC-A01,ACC-TC-A02,ACC-TC-A03,ACC-TC-A04,ACC-TC-A05,ACC-TC-B01,ACC-TC-B02,ACC-TC-B03,ACC-TC-B04,ACC-TC-B05,ACC-TC-B06,ACC-TC-B07,ACC-TC-B08,ACC-TC-B09,ACC-TC-B10,ACC-TC-C01,ACC-TC-C02,ACC-TC-C03,ACC-TC-C04,ACC-TC-D01,ACC-TC-D02,ACC-TC-D03,ACC-TC-D04,ACC-TC-E01,TC-A01,TC-A02,TC-A03,TC-A04,TC-A05,TC-B01,TC-B02,TC-B03,TC-B04,TC-B05,TC-B06,TC-B07,TC-B08,TC-B09,TC-B10,TC-C01,TC-C02,TC-C03,TC-C04,TC-D01,TC-D02,TC-D03,TC-D04,TC-E01
e2e-test-results/account-file-groups-efg-c03-2026-08-24/decision-outcome-log.md	2026-08-24	0	manual	decision-log	12/2/7/0	0	0	0	
e2e-test-results/account-file-groups-efg-c03-2026-08-24/report.md	2026-08-24	0	manual	report.md	12/2/7/0	21	14	20	ACC-TC-C03,ACC-TC-E01,ACC-TC-E02,ACC-TC-E03,ACC-TC-F01,ACC-TC-F02,ACC-TC-F03,ACC-TC-F04,ACC-TC-G01,ACC-TC-G02,ACC-TC-G03,ACC-TC-G04,ACC-TC-G05,ACC-TC-G06,ACC-TC-G07,ACC-TC-G08,ACC-TC-G09,ACC-TC-G10,ACC-TC-G11,ACC-TC-G12,ACC-TC-G13,TC-C03,TC-E01,TC-E02,TC-E03,TC-F01,TC-F02,TC-F03,TC-F04,TC-G01,TC-G02,TC-G03,TC-G04,TC-G05,TC-G06,TC-G07,TC-G08,TC-G09,TC-G10,TC-G11,TC-G12,TC-G13
e2e-test-results/account-file-j-legal-email-stall-2026-08-26/report.md	2026-08-26	0	manual	report.md	6/2/3/1	12	1	12	ACC-TC-J01,ACC-TC-J02,ACC-TC-J03,ACC-TC-J04,ACC-TC-J05,ACC-TC-J06,ACC-TC-J07,ACC-TC-J08,ACC-TC-J09,ACC-TC-J10,ACC-TC-J11,ACC-TC-J12,TC-J01,TC-J02,TC-J03,TC-J04,TC-J05,TC-J06,TC-J07,TC-J08,TC-J09,TC-J10,TC-J11,TC-J12
e2e-test-results/auth-final-cleanup-batch-2026-08-24/report.md	2026-08-24	0	manual	report.md	2/0/5/0	0	7	7	AUTH-TC-C05,AUTH-TC-C07,AUTH-TC-E04,AUTH-TC-H03,AUTH-TC-J10,AUTH-TC-P03,AUTH-TC-Q04,AUTH-TC-S01,TC-C05,TC-C07,TC-E04,TC-H03,TC-J10,TC-P03,TC-Q04,TC-S01
e2e-test-results/combined-verification-2026-08-18/report.md	2026-08-18	0	manual	report.md	5/0/0/0	0	0	1	AUTH-TC-F03,AUTH-TC-H06,TC-F03,TC-H06
e2e-test-results/dev-task-49-ux-2026-08-29/report.md	2026-08-29	0	manual	report.md		0	0	0	
e2e-test-results/dev-task-65-qa-toolkit-r3-2026-08-30/report.md	2026-08-30	0	manual	report.md		0	0	0	
e2e-test-results/dev-task-67-fix-verify-2026-08-30/decision-outcome-log.md	2026-08-30	0	manual	decision-log		0	0	0	
e2e-test-results/dev-task-67-fix-verify-2026-08-30/report.md	2026-08-30	0	manual	report.md		0	0	0	
e2e-test-results/dev-task-95-msg-followups-2026-09-03/report.md	2026-09-03	0	manual	report.md		0	0	0	MSG-TC-B05,MSG-TC-C06,TC-B05,TC-C06
e2e-test-results/dev-task99-grace-freeze-verify-2026-09-03/report.md	2026-09-03	0	manual	report.md		0	0	0	
e2e-test-results/dt80-privacy-fix-2026-09-01/report.md	2026-09-01	0	manual	report.md		0	0	0	TC-L06,TRD-TC-L06
e2e-test-results/fix-cancel-gap-investigation-2026-09-01/report.md	2026-09-01	0	manual	report.md		0	0	0	
e2e-test-results/group-a-b-d-auth-2026-08-23/decision-and-outcome-log.md	2026-08-23	0	manual	decision-log		0	26	0	AUTH-TC-A01,TC-A01
e2e-test-results/group-a-b-d-auth-2026-08-23/report.md	2026-08-23	0	manual	report.md	23/0/0/0	23	0	0	AUTH-TC-A01,AUTH-TC-A02,AUTH-TC-A03,AUTH-TC-A04,AUTH-TC-A05,AUTH-TC-A06,AUTH-TC-A07,AUTH-TC-A08,AUTH-TC-B01,AUTH-TC-B02,AUTH-TC-B03,AUTH-TC-B04,AUTH-TC-B05,AUTH-TC-B06,AUTH-TC-B07,AUTH-TC-B08,AUTH-TC-B09,AUTH-TC-B10,AUTH-TC-B11,AUTH-TC-B12,AUTH-TC-D01,AUTH-TC-D02,AUTH-TC-D03,TC-A01,TC-A02,TC-A03,TC-A04,TC-A05,TC-A06,TC-A07,TC-A08,TC-B01,TC-B02,TC-B03,TC-B04,TC-B05,TC-B06,TC-B07,TC-B08,TC-B09,TC-B10,TC-B11,TC-B12,TC-D01,TC-D02,TC-D03
e2e-test-results/group-fg-nodes-zip-gating-2026-08-23/report.md	2026-08-23	0	manual	report.md	12/0/0/0	12	0	12	AUTH-TC-F01,AUTH-TC-F02,AUTH-TC-F03,AUTH-TC-F04,AUTH-TC-F05,AUTH-TC-F06,AUTH-TC-G01,AUTH-TC-G02,AUTH-TC-G03,AUTH-TC-G04,AUTH-TC-G05,AUTH-TC-G06,TC-F01,TC-F02,TC-F03,TC-F04,TC-F05,TC-F06,TC-G01,TC-G02,TC-G03,TC-G04,TC-G05,TC-G06
e2e-test-results/group-h-profile-setup-2026-08-23/decision-outcome-log.md	2026-08-23	0	manual	decision-log	4/0/3/0	0	4	0	AUTH-TC-H0,TC-H0
e2e-test-results/group-h-profile-setup-2026-08-23/report.md	2026-08-23	0	manual	report.md	4/0/3/0	7	0	7	AUTH-TC-H01,AUTH-TC-H02,AUTH-TC-H03,AUTH-TC-H04,AUTH-TC-H05,AUTH-TC-H06,AUTH-TC-H07,TC-H01,TC-H02,TC-H03,TC-H04,TC-H05,TC-H06,TC-H07
e2e-test-results/group-i-subscription-choice-2026-08-23/report.md	2026-08-23	0	manual	report.md	0/0/3/0	3	0	0	AUTH-TC-I01,AUTH-TC-I02,AUTH-TC-I03,TC-I01,TC-I02,TC-I03
e2e-test-results/group-j-closure-j02-j04-j11-j12-j13-j15-2026-08-24/report.md	2026-08-24	838	manual	report.md	6/0/0/0	6	0	7	AUTH-TC-J02,AUTH-TC-J04,AUTH-TC-J05,AUTH-TC-J11,AUTH-TC-J12,AUTH-TC-J13,AUTH-TC-J15,TC-J02,TC-J04,TC-J05,TC-J11,TC-J12,TC-J13,TC-J15
e2e-test-results/group-j-h-closure-2026-08-24/report.md	2026-08-24	936	manual	report.md	3/0/0/0	0	2	2	AUTH-TC-H01,AUTH-TC-J05,TC-H01,TC-J05
e2e-test-results/group-j-listing-creation-single-2026-08-24/report.md	2026-08-24	528	manual	report.md	8/1/5/0	14	0	14	AUTH-TC-J01,AUTH-TC-J02,AUTH-TC-J03,AUTH-TC-J04,AUTH-TC-J05,AUTH-TC-J06,AUTH-TC-J07,AUTH-TC-J08,AUTH-TC-J09,AUTH-TC-J11,AUTH-TC-J12,AUTH-TC-J13,AUTH-TC-J14,AUTH-TC-J15,TC-J01,TC-J02,TC-J03,TC-J04,TC-J05,TC-J06,TC-J07,TC-J08,TC-J09,TC-J11,TC-J12,TC-J13,TC-J14,TC-J15
e2e-test-results/group-l-playwright-l01-l04-2026-08-21/decision-outcome-log.md	2026-08-21	0	manual	decision-log		1	10	0	AUTH-TC-L01,TC-L01
e2e-test-results/group-l-playwright-l01-l04-2026-08-21/report.md	2026-08-21	0	manual	report.md	0/0/4/0	4	0	5	AUTH-TC-L01,AUTH-TC-L02,AUTH-TC-L03,AUTH-TC-L04,TC-L01,TC-L02,TC-L03,TC-L04
e2e-test-results/group-l-reverify-l01-l04-2026-08-21/report.md	2026-08-21	0	manual	report.md	4/0/0/0	0	4	0	AUTH-TC-L01,TC-L01
e2e-test-results/group-m-discover-2026-08-22/report.md	2026-08-22	0	manual	report.md	10/0/0/0	10	0	10	AUTH-TC-M01,AUTH-TC-M02,AUTH-TC-M03,AUTH-TC-M04,AUTH-TC-M05,AUTH-TC-M06,AUTH-TC-M07,AUTH-TC-M08,AUTH-TC-M09,AUTH-TC-M10,TC-M01,TC-M02,TC-M03,TC-M04,TC-M05,TC-M06,TC-M07,TC-M08,TC-M09,TC-M10
e2e-test-results/group-n-discovery-category-favorites-2026-08-22/report.md	2026-08-22	0	manual	report.md	4/0/0/0	4	0	5	AUTH-TC-N01,AUTH-TC-N02,AUTH-TC-N03,AUTH-TC-N04,AUTH-TC-O01,TC-N01,TC-N02,TC-N03,TC-N04,TC-O01
e2e-test-results/group-o-closeout-o03-o01-2026-08-22/report.md	2026-08-22	0	manual	report.md	2/0/0/0	2	0	2	AUTH-TC-O01,AUTH-TC-O03,TC-O01,TC-O03
e2e-test-results/group-o-node-scope-2026-08-22/report.md	2026-08-22	0	manual	report.md	5/0/0/0	5	0	5	AUTH-TC-O01,AUTH-TC-O02,AUTH-TC-O03,AUTH-TC-O04,AUTH-TC-O05,TC-O01,TC-O02,TC-O03,TC-O04,TC-O05
e2e-test-results/group-p-full-run-19-cases-2026-08-23/decision-outcome-log.md	2026-08-23	0	manual	decision-log		0	15	0	AUTH-TC-P0,AUTH-TC-P1,TC-P0,TC-P1
e2e-test-results/group-p-full-run-19-cases-2026-08-23/report.md	2026-08-23	0	manual	report.md		19	0	19	AUTH-TC-P01,AUTH-TC-P02,AUTH-TC-P03,AUTH-TC-P04,AUTH-TC-P05,AUTH-TC-P06,AUTH-TC-P07,AUTH-TC-P08,AUTH-TC-P09,AUTH-TC-P10,AUTH-TC-P11,AUTH-TC-P12,AUTH-TC-P13,AUTH-TC-P14,AUTH-TC-P15,AUTH-TC-P16,AUTH-TC-P17,AUTH-TC-P18,AUTH-TC-P19,TC-P01,TC-P02,TC-P03,TC-P04,TC-P05,TC-P06,TC-P07,TC-P08,TC-P09,TC-P10,TC-P11,TC-P12,TC-P13,TC-P14,TC-P15,TC-P16,TC-P17,TC-P18,TC-P19
e2e-test-results/group-p-reverify-appheader-composer-2026-08-23/report.md	2026-08-23	0	manual	report.md	3/0/0/0	0	0	0	
e2e-test-results/group-qs-calibration-2026-08-23/report.md	2026-08-23	0	manual	report.md		18	4	0	AUTH-TC-Q01,AUTH-TC-Q02,AUTH-TC-Q03,AUTH-TC-Q04,AUTH-TC-Q05,AUTH-TC-Q06,AUTH-TC-Q07,AUTH-TC-S01,AUTH-TC-S02,AUTH-TC-S03,AUTH-TC-S04,AUTH-TC-S05,AUTH-TC-S06,AUTH-TC-S07,AUTH-TC-S08,AUTH-TC-S09,AUTH-TC-S10,AUTH-TC-S11,TC-Q01,TC-Q02,TC-Q03,TC-Q04,TC-Q05,TC-Q06,TC-Q07,TC-S01,TC-S02,TC-S03,TC-S04,TC-S05,TC-S06,TC-S07,TC-S08,TC-S09,TC-S10,TC-S11
e2e-test-results/group-qs-fix-verify-2026-08-23/report.md	2026-08-23	0	manual	report.md		0	0	0	
e2e-test-results/itemcreate-scroll-investigation-2026-08-17/report.md	2026-08-17	0	manual	report.md		0	0	0	
e2e-test-results/phase14-auth-pw-recovery-2026-08-16/report.md	2026-08-16	0	manual	report.md	3/0/5/0	8	0	8	AUTH-TC-S01,AUTH-TC-S02,AUTH-TC-S03,AUTH-TC-S04,AUTH-TC-S05,AUTH-TC-S07,AUTH-TC-S08,AUTH-TC-S10,TC-S01,TC-S02,TC-S03,TC-S04,TC-S05,TC-S07,TC-S08,TC-S10
e2e-test-results/phase15-auth-group-s-reverify-2026-08-16/report.md	2026-08-16	0	manual	report.md	4/0/1/0	5	0	5	AUTH-TC-S07,AUTH-TC-S08,AUTH-TC-S09,AUTH-TC-S10,AUTH-TC-S11,TC-S07,TC-S08,TC-S09,TC-S10,TC-S11
e2e-test-results/phase16-auth-group-s-closeout-2026-08-16/report.md	2026-08-16	0	manual	report.md	2/0/0/0	2	1	2	AUTH-TC-S08,AUTH-TC-S11,TC-S08,TC-S11
e2e-test-results/phase17-auth-groups-ab-2026-08-16/report.md	2026-08-16	0	manual	report.md	15/0/2/0	17	2	17	AUTH-TC-A01,AUTH-TC-A02,AUTH-TC-A03,AUTH-TC-A04,AUTH-TC-A05,AUTH-TC-A06,AUTH-TC-A07,AUTH-TC-A08,AUTH-TC-B01,AUTH-TC-B02,AUTH-TC-B03,AUTH-TC-B04,AUTH-TC-B05,AUTH-TC-B06,AUTH-TC-B07,AUTH-TC-B08,AUTH-TC-B09,AUTH-TC-B10,TC-A01,TC-A02,TC-A03,TC-A04,TC-A05,TC-A06,TC-A07,TC-A08,TC-B01,TC-B02,TC-B03,TC-B04,TC-B05,TC-B06,TC-B07,TC-B08,TC-B09,TC-B10
e2e-test-results/phase18-auth-group-c-social-login-2026-08-16/report.md	2026-08-16	0	manual	report.md	0/3/4/0	7	0	7	AUTH-TC-C01,AUTH-TC-C02,AUTH-TC-C03,AUTH-TC-C04,AUTH-TC-C05,AUTH-TC-C06,AUTH-TC-C07,TC-C01,TC-C02,TC-C03,TC-C04,TC-C05,TC-C06,TC-C07
e2e-test-results/phase19-auth-group-c-closeout-2026-08-16/report.md	2026-08-16	0	manual	report.md	1/0/6/0	7	10	8	AUTH-TC-C01,AUTH-TC-C02,AUTH-TC-C03,AUTH-TC-C04,AUTH-TC-C05,AUTH-TC-C06,AUTH-TC-C07,TC-C01,TC-C02,TC-C03,TC-C04,TC-C05,TC-C06,TC-C07
e2e-test-results/phase20-auth-group-c-closure-2026-08-16/report.md	2026-08-16	0	manual	report.md	1/1/1/0	3	0	3	AUTH-TC-C01,AUTH-TC-C02,AUTH-TC-C04,TC-C01,TC-C02,TC-C04
e2e-test-results/phase21-auth-group-c01-google-2026-08-16/report.md	2026-08-16	1238	manual	report.md	1/0/0/0	0	0	1	AUTH-TC-C01,TC-C01
e2e-test-results/phase22-auth-group-b-d-e-2026-08-17/decision-and-outcome-log.md	2026-08-17	0	manual	decision-log	8/0/2/1	0	4	0	
e2e-test-results/phase22-auth-group-b-d-e-2026-08-17/report.md	2026-08-17	0	manual	report.md	8/0/2/1	11	0	14	AUTH-TC-B10,AUTH-TC-B11,AUTH-TC-B12,AUTH-TC-D01,AUTH-TC-D02,AUTH-TC-D03,AUTH-TC-E01,AUTH-TC-E02,AUTH-TC-E03,AUTH-TC-E04,AUTH-TC-E05,TC-B10,TC-B11,TC-B12,TC-D01,TC-D02,TC-D03,TC-E01,TC-E02,TC-E03,TC-E04,TC-E05
e2e-test-results/phase23-auth-group-f-h-i-e05-2026-08-17/report.md	2026-08-17	0	manual	report.md	9/1/7/0	0	18	0	AUTH-TC-E05,TC-E05
e2e-test-results/phase23-wrapup-f06-reverify-f07-h03-2026-08-18/decision-outcome-log.md	2026-08-18	0	manual	decision-log		0	6	0	AUTH-TC-F06,AUTH-TC-F07,TC-F06,TC-F07
e2e-test-results/phase23-wrapup-f06-reverify-f07-h03-2026-08-18/report.md	2026-08-18	0	manual	report.md		3	0	3	AUTH-TC-F06,AUTH-TC-F07,AUTH-TC-H03,AUTH-TC-S03,TC-F06,TC-F07,TC-H03,TC-S03
e2e-test-results/phase24-f06-reverify-discover-audit-2026-08-17/report.md	2026-08-17	0	manual	report.md		0	1	0	AUTH-TC-F06,TC-F06
e2e-test-results/phase25-auth-group-k-bulk-2026-08-19/decision-outcome-log.md	2026-08-19	0	manual	decision-log		0	0	0	AUTH-TC-K0,AUTH-TC-K01,TC-K0,TC-K01
e2e-test-results/phase25-auth-group-k-bulk-2026-08-19/report.md	2026-08-19	0	manual	report.md		6	0	6	AUTH-TC-K01,AUTH-TC-K02,AUTH-TC-K03,AUTH-TC-K04,AUTH-TC-K05,AUTH-TC-K06,TC-K01,TC-K02,TC-K03,TC-K04,TC-K05,TC-K06
e2e-test-results/phase26-bulk-four-fixes-verify-2026-08-20/decision-outcome-log.md	2026-08-20	0	manual	decision-log		0	0	0	
e2e-test-results/phase26-bulk-four-fixes-verify-2026-08-20/report.md	2026-08-20	0	manual	report.md		0	1	0	AUTH-TC-K01,TC-K01
e2e-test-results/phase27-groupk-ax-reverify-2026-08-20/report.md	2026-08-20	0	manual	report.md	4/0/0/0	0	3	0	AUTH-TC-K01,TC-K01
e2e-test-results/qa-combined-verify-e05-c04-f06-2026-08-18/report.md	2026-08-18	0	manual	report.md	1/1/1/0	2	1	0	AUTH-TC-C04,AUTH-TC-E05,AUTH-TC-F06,AUTH-TC-H06,TC-C04,TC-E05,TC-F06,TC-H06
e2e-test-results/qa-final-verify-e05-c04-2026-08-19/report.md	2026-08-19	0	manual	report.md	2/0/0/0	1	1	1	AUTH-TC-C04,AUTH-TC-E05,TC-C04,TC-E05
e2e-test-results/qa-msg-first-live-2026-09-03/decision-outcome-log.md	2026-09-03	0	manual	decision-log		0	43	0	
e2e-test-results/qa-msg-first-live-2026-09-03/report.md	2026-09-03	0	manual	report.md	23/0/1/0	0	0	27	MSG-TC-A01,MSG-TC-A02,MSG-TC-A03,MSG-TC-A08,MSG-TC-A09,MSG-TC-B01,MSG-TC-B02,MSG-TC-B03,MSG-TC-B05,MSG-TC-C01,MSG-TC-C02,MSG-TC-C03,MSG-TC-C04,MSG-TC-C05,MSG-TC-C06,MSG-TC-F01,MSG-TC-F02,MSG-TC-F03,MSG-TC-F04,MSG-TC-F05,MSG-TC-I03,MSG-TC-I04,MSG-TC-I05,MSG-TC-J01,MSG-TC-J02,MSG-TC-J03,MSG-TC-J04,MSG-TC-J05,TC-A01,TC-A02,TC-A03,TC-A08,TC-A09,TC-B01,TC-B02,TC-B03,TC-B05,TC-C01,TC-C02,TC-C03,TC-C04,TC-C05,TC-C06,TC-F01,TC-F02,TC-F03,TC-F04,TC-F05,TC-I03,TC-I04,TC-I05,TC-J01,TC-J02,TC-J03,TC-J04,TC-J05
e2e-test-results/qa-task10-dt66-fix-verify-tr-d-2026-08-30/decision-outcome-log.md	2026-08-30	0	manual	decision-log		0	0	0	
e2e-test-results/qa-task10-dt66-fix-verify-tr-d-2026-08-30/report.md	2026-08-30	0	manual	report.md		0	0	0	
e2e-test-results/qa-task11-nopqr-2026-08-30/report.md	2026-08-30	0	manual	report.md	27/2/2/0	32	4	0	TC-N04,TC-N05,TC-N06,TC-N09,TC-N10,TC-N11,TC-N12,TC-N13,TC-N14,TC-O01,TC-O02,TC-O03,TC-O04,TC-O05,TC-O06,TC-O07,TC-O08,TC-O1,TC-O2,TC-O3,TC-P01,TC-P02,TC-P03,TC-P04,TC-P05,TC-P06,TC-P07,TC-P08,TC-Q01,TC-Q02,TC-Q03,TC-Q04,TC-Q05,TC-Q06,TC-Q07,TC-Q08,TC-Q09,TC-Q10,TC-Q12,TC-Q13,TC-Q15,TC-Q18,TC-R01,TC-R02,TC-R03,TC-R04,TC-R05,TC-R06,TC-R07,TC-R08,TC-R09,TRD-TC-N04,TRD-TC-N05,TRD-TC-N06,TRD-TC-N09,TRD-TC-N10,TRD-TC-N11,TRD-TC-N12,TRD-TC-N13,TRD-TC-N14,TRD-TC-O01,TRD-TC-O02,TRD-TC-O03,TRD-TC-O04,TRD-TC-O05,TRD-TC-O06,TRD-TC-O07,TRD-TC-O08,TRD-TC-O1,TRD-TC-O2,TRD-TC-O3,TRD-TC-P01,TRD-TC-P02,TRD-TC-P03,TRD-TC-P04,TRD-TC-P05,TRD-TC-P06,TRD-TC-P07,TRD-TC-P08,TRD-TC-Q01,TRD-TC-Q02,TRD-TC-Q03,TRD-TC-Q04,TRD-TC-Q05,TRD-TC-Q06,TRD-TC-Q07,TRD-TC-Q08,TRD-TC-Q09,TRD-TC-Q10,TRD-TC-Q12,TRD-TC-Q13,TRD-TC-Q15,TRD-TC-Q18,TRD-TC-R01,TRD-TC-R02,TRD-TC-R03,TRD-TC-R04,TRD-TC-R05,TRD-TC-R06,TRD-TC-R07,TRD-TC-R08,TRD-TC-R09
e2e-test-results/qa-task12-close-2026-08-30/report.md	2026-08-30	0	manual	report.md		14	16	0	TC-N05,TC-N06,TC-N13,TC-N14,TC-O03,TC-O04,TC-O07,TC-O1,TC-P01,TC-P02,TC-P03,TC-P04,TC-P05,TC-P06,TC-P07,TC-P08,TC-Q05,TC-Q10,TC-Q13,TC-Q14,TC-Q15,TC-Q16,TC-Q18,TC-Q19,TC-Q20,TC-R06,TC-R07,TC-R09,TRD-TC-N05,TRD-TC-N06,TRD-TC-N13,TRD-TC-N14,TRD-TC-O03,TRD-TC-O04,TRD-TC-O07,TRD-TC-O1,TRD-TC-P01,TRD-TC-P02,TRD-TC-P03,TRD-TC-P04,TRD-TC-P05,TRD-TC-P06,TRD-TC-P07,TRD-TC-P08,TRD-TC-Q05,TRD-TC-Q10,TRD-TC-Q13,TRD-TC-Q14,TRD-TC-Q15,TRD-TC-Q16,TRD-TC-Q18,TRD-TC-Q19,TRD-TC-Q20,TRD-TC-R06,TRD-TC-R07,TRD-TC-R09
e2e-test-results/qa-task13-dt71-dt72-verify-2026-08-31/report.md	2026-08-31	0	manual	report.md	5/0/0/0	0	19	0	TC-T03,TC-T04,TC-T05,TRD-TC-T03,TRD-TC-T04,TRD-TC-T05
e2e-test-results/qa-task14-dt73-u-y-2026-08-31/report.md	2026-08-31	0	manual	report.md		0	13	4	TC-O07,TC-Q05,TC-Q15,TC-Q17,TRD-TC-O07,TRD-TC-Q05,TRD-TC-Q15,TRD-TC-Q17
e2e-test-results/qa-task15-dt75-w-t-2026-08-31/decision-outcome-log.md	2026-08-31	0	manual	decision-log		0	0	0	
e2e-test-results/qa-task15-dt75-w-t-2026-08-31/report.md	2026-08-31	0	manual	report.md		0	0	0	
e2e-test-results/qa-task16-close-trd-2026-08-31/decision-outcome-log.md	2026-08-31	0	manual	decision-log	18/0/0/0	0	0	0	
e2e-test-results/qa-task16-close-trd-2026-08-31/report.md	2026-08-31	0	manual	report.md	18/0/0/0	0	21	0	
e2e-test-results/qa-task17-z-g-dt78-81-2026-09-01/decision-outcome-log.md	2026-09-01	0	manual	decision-log	19/2/0/0	0	0	0	
e2e-test-results/qa-task17-z-g-dt78-81-2026-09-01/report.md	2026-09-01	0	manual	report.md		0	0	0	
e2e-test-results/qa-task18-close-trd-2026-09-02/report.md	2026-09-02	0	manual	report.md		0	0	0	
e2e-test-results/qa-task19-sub-kickoff-2026-09-02/report.md	2026-09-02	0	manual	report.md		27	0	1	SUB-TC-A01,SUB-TC-A03,SUB-TC-A04,SUB-TC-C01,SUB-TC-C02,SUB-TC-C03,SUB-TC-C10,SUB-TC-C11,SUB-TC-C12,SUB-TC-F02,SUB-TC-H05,SUB-TC-I01,SUB-TC-I02,SUB-TC-I03,SUB-TC-I04,SUB-TC-I05,SUB-TC-I06,SUB-TC-I07,SUB-TC-I09,SUB-TC-J01,SUB-TC-J02,SUB-TC-K01,SUB-TC-M02,SUB-TC-M03,SUB-TC-M04,SUB-TC-M05,SUB-TC-N01,SUB-TC-N02,TC-A01,TC-A03,TC-A04,TC-B10,TC-C01,TC-C02,TC-C03,TC-C10,TC-C11,TC-C12,TC-F02,TC-H05,TC-I01,TC-I02,TC-I03,TC-I04,TC-I05,TC-I06,TC-I07,TC-I09,TC-J01,TC-J02,TC-K01,TC-M02,TC-M03,TC-M04,TC-M05,TC-N01,TC-N02,TRD-TC-B10
e2e-test-results/qa-task20-web-sub-e2e-2026-09-02/report.md	2026-09-02	0	manual	report.md		0	0	0	SUB-TC-N01,TC-N01
e2e-test-results/qa-task21-sub-close-2026-09-02/report.md	2026-09-02	0	manual	report.md		0	18	0	SUB-TC-C04,SUB-TC-C06,SUB-TC-C07,SUB-TC-N01,TC-C04,TC-C06,TC-C07,TC-N01
e2e-test-results/qa-task22-sub-remainder-2026-09-02/report.md	2026-09-02	0	manual	report.md		0	0	0	
e2e-test-results/qa-task24-msg-complete-2026-09-03/report.md	2026-09-03	0	manual	report.md		0	41	0	
e2e-test-results/qa-task25-consolidated-2026-09-03/report.md	2026-09-03	0	manual	report.md		0	23	14	MSG-TC-D07,MSG-TC-D08,MSG-TC-E02,MSG-TC-E03,MSG-TC-E04,MSG-TC-E05,MSG-TC-G01,MSG-TC-G05,MSG-TC-G08,MSG-TC-H05,MSG-TC-H06,MSG-TC-R04,SUB-TC-C09,SUB-TC-D03,SUB-TC-D06,SUB-TC-E03,SUB-TC-E04,SUB-TC-L02,TC-C09,TC-D03,TC-D06,TC-D07,TC-D08,TC-E02,TC-E03,TC-E04,TC-E05,TC-G01,TC-G05,TC-G08,TC-H05,TC-H06,TC-L02,TC-R04
e2e-test-results/qa-task5-trd-f-k-2026-08-29/decision-and-outcome-log.md	2026-08-29	0	manual	decision-log		0	0	0	TC-F01,TRD-TC-F01
e2e-test-results/qa-task5-trd-f-k-2026-08-29/report.md	2026-08-29	0	manual	report.md		0	37	0	
e2e-test-results/qa-task6-e-reverify-2026-08-29/report.md	2026-08-29	0	manual	report.md	19/0/5/0	15	0	0	TC-E01,TC-E03,TC-E04,TC-E07,TC-E08,TC-E09,TC-E10,TRD-TC-E01,TRD-TC-E03,TRD-TC-E04,TRD-TC-E07,TRD-TC-E08,TRD-TC-E09,TRD-TC-E10
e2e-test-results/qa-task7-expanded-lmn-retest-2026-08-30/decision-and-outcome-log.md	2026-08-30	0	manual	decision-log		0	0	0	
e2e-test-results/qa-task7-expanded-lmn-retest-2026-08-30/report.md	2026-08-30	0	manual	report.md		0	0	0	
e2e-test-results/qa-task8-cumulative-regression-2026-08-30/report.md	2026-08-30	0	manual	report.md		0	0	0	
e2e-test-results/qa-task9-dt63-fix-verify-2026-08-30/report.md	2026-08-30	0	manual	report.md		0	6	0	TC-N03,TRD-TC-N03
e2e-test-results/qa-trd-b-c-d-e-2026-08-28/decision-outcome-log.md	2026-08-28	0	manual	decision-log	19/0/5/0	0	4	0	
e2e-test-results/qa-trd-b-c-d-e-2026-08-28/report.md	2026-08-28	0	manual	report.md	19/0/5/0	24	0	0	TC-B02,TC-B03,TC-B05c,TC-C01,TC-C02,TC-C03,TC-C04,TC-C05,TC-C06,TC-C07,TC-C08,TC-D01,TC-D02,TC-D03,TC-D04,TC-E01,TC-E02,TC-E03,TC-E04,TC-E07,TC-E08,TC-E09,TC-E10,TRD-TC-B02,TRD-TC-B03,TRD-TC-B05c,TRD-TC-C01,TRD-TC-C02,TRD-TC-C03,TRD-TC-C04,TRD-TC-C05,TRD-TC-C06,TRD-TC-C07,TRD-TC-C08,TRD-TC-D01,TRD-TC-D02,TRD-TC-D03,TRD-TC-D04,TRD-TC-E01,TRD-TC-E02,TRD-TC-E03,TRD-TC-E04,TRD-TC-E07,TRD-TC-E08,TRD-TC-E09,TRD-TC-E10
e2e-test-results/qa-trd-b01-b02-reverify-2026-08-28/report.md	2026-08-28	0	manual	report.md	2/0/0/0	2	0	2	TC-B01,TC-B02,TRD-TC-B01,TRD-TC-B02
e2e-test-results/qa-trd-b05e-j-admin-deps-2026-08-28/report.md	2026-08-28	0	manual	report.md	6/0/0/0	6	0	6	TC-B05e,TC-B05f,TC-B05g,TC-B05h,TC-B05i,TC-B05j,TRD-TC-B05e,TRD-TC-B05f,TRD-TC-B05g,TRD-TC-B05h,TRD-TC-B05i,TRD-TC-B05j
e2e-test-results/qa-trd-group-a-b-2026-08-28/decision-outcome-log.md	2026-08-28	0	manual	decision-log		1	12	0	TC-A01,TRD-TC-A01
e2e-test-results/qa-trd-group-a-b-2026-08-28/report.md	2026-08-28	0	manual	report.md	9/2/4/5	20	0	15	TC-A01,TC-A02,TC-B01,TC-B02,TC-B03,TC-B04,TC-B05,TC-B05a,TC-B05b,TC-B05c,TC-B05d,TC-B05e,TC-B05f,TC-B05g,TC-B05h,TC-B05i,TC-B05j,TC-B06,TC-B07,TC-B08,TRD-TC-A01,TRD-TC-A02,TRD-TC-B01,TRD-TC-B02,TRD-TC-B03,TRD-TC-B04,TRD-TC-B05,TRD-TC-B05a,TRD-TC-B05b,TRD-TC-B05c,TRD-TC-B05d,TRD-TC-B05e,TRD-TC-B05f,TRD-TC-B05g,TRD-TC-B05h,TRD-TC-B05i,TRD-TC-B05j,TRD-TC-B06,TRD-TC-B07,TRD-TC-B08
e2e-test-results/qa-trd-reverify-a02-b02-b06-2026-08-28/report.md	2026-08-28	0	manual	report.md	2/1/0/0	3	0	3	TC-A02,TC-B02,TC-B06,TRD-TC-A02,TRD-TC-B02,TRD-TC-B06
e2e-test-results/spotcheck-h01-avatar-carousel-2026-08-23/report.md	2026-08-23	0	manual	report.md		0	0	0	AUTH-TC-H01,AUTH-TC-H06,TC-H01,TC-H06
e2e-test-results/spotcheck-sweeps-2026-08-23/report.md	2026-08-23	0	manual	report.md		0	2	0	AUTH-TC-B02,TC-B02
e2e-test-results/stage2/report.md	2026-08-11	0	manual	report.md		0	0	0	TC-A02,TC-A03,TC-A04,TC-A05,TC-A06,TC-A07,TC-B01,TC-B02,TC-B03,TC-B04,TC-B05,TC-B06
e2e-test-results/stage3/report.md	2026-08-11	0	manual	report.md		0	0	0	TC-A05
e2e-test-results/tabbar-after-skip-recheck-2026-08-18/report.md	2026-08-18	0	manual	report.md		0	0	0	AUTH-TC-H06,AUTH-TC-H07,TC-H06,TC-H07
e2e-test-results/trd-a01-a02-2026-08-26/report.md	2026-08-26	0	manual	report.md		0	0	5	TC-A01,TC-A02,TRD-TC-A01,TRD-TC-A02
e2e-test-results/trd-part2-2026-08-27/report.md	2026-08-27	0	manual	report.md		0	1	2	TC-A01,TC-A02,TRD-TC-A01,TRD-TC-A02
test-automation/trade-flow-v2/reports/2026-05-31T13-04-19-345Z/report.md	2026-05-31	0	automated	report.md		6	0	0	TC-N01,TC-N02
test-automation/trade-flow-v2/reports/2026-05-31T13-04-19-345Z/results.json	2026-05-31	0	automated	results.json		6	0	0	TC-A01,TC-A02,TC-A03,TC-A04,TC-N01,TC-N02
test-automation/trade-flow-v2/reports/2026-05-31T15-04-42-404Z/report.md	2026-05-31	0	automated	report.md		19	0	0	TC-M13
test-automation/trade-flow-v2/reports/2026-05-31T15-04-42-404Z/results.json	2026-05-31	0	automated	results.json		19	0	0	TC-A01,TC-A02,TC-A03,TC-A04,TC-M01,TC-M02,TC-M03,TC-M04,TC-M05,TC-M06,TC-M07,TC-M08,TC-M09,TC-M10,TC-M11,TC-M12,TC-M13,TC-M14,TC-M15
test-automation/trade-flow-v2/reports/2026-05-31T15-09-46-669Z/report.md	2026-05-31	0	automated	report.md		4	0	0	TC-A01,TC-A02,TC-A03,TC-M13
test-automation/trade-flow-v2/reports/2026-05-31T15-09-46-669Z/results.json	2026-05-31	0	automated	results.json		4	0	0	TC-A01,TC-A02,TC-A03,TC-M13
test-automation/trade-flow-v2/reports/2026-05-31T15-12-10-443Z/report.md	2026-05-31	0	automated	report.md		19	0	0	TC-A01,TC-A02,TC-A03,TC-A04,TC-M01,TC-M02,TC-M03,TC-M04,TC-M05,TC-M06,TC-M07,TC-M08,TC-M09,TC-M10,TC-M11,TC-M12,TC-M13,TC-M14,TC-M15
test-automation/trade-flow-v2/reports/2026-05-31T15-12-10-443Z/results.json	2026-05-31	0	automated	results.json		19	0	0	TC-A01,TC-A02,TC-A03,TC-A04,TC-M01,TC-M02,TC-M03,TC-M04,TC-M05,TC-M06,TC-M07,TC-M08,TC-M09,TC-M10,TC-M11,TC-M12,TC-M13,TC-M14,TC-M15
test-automation/trade-flow-v2/reports/2026-06-02T10-47-07-787Z/report.md	2026-06-02	0	automated	report.md		117	0	0	REG-R01,REG-R02,REG-R03,REG-R04,REG-R05,REG-R06,REG-R07,REG-R08,TC-A01,TC-A02,TC-A03,TC-A04,TC-B01,TC-B02,TC-B03,TC-B04,TC-B05,TC-B06,TC-C01,TC-C02,TC-C03,TC-C04,TC-C05,TC-C06,TC-C07,TC-C08,TC-D01,TC-D02,TC-D03,TC-D04,TC-D05,TC-E01,TC-E02,TC-E03,TC-E04,TC-F01,TC-F02,TC-F03,TC-G01,TC-G02,TC-G03,TC-G04,TC-H01,TC-H02,TC-H03,TC-H04,TC-I01,TC-I02,TC-I03,TC-I04,TC-I05,TC-J01,TC-J02,TC-J03,TC-J04,TC-J05,TC-K01,TC-K02,TC-K03,TC-L01,TC-L02,TC-L03,TC-L04,TC-L05,TC-L06,TC-L07,TC-L08,TC-M01,TC-M02,TC-M03,TC-M04,TC-M05,TC-M06,TC-M07,TC-M08,TC-M09,TC-M10,TC-M11,TC-M12,TC-M13,TC-M14,TC-M15,TC-O01,TC-O02,TC-O03,TC-O04,TC-O05,TC-O06,TC-O07,TC-Q01,TC-Q02,TC-Q03,TC-Q04,TC-Q05,TC-Q06,TC-Q07,TC-Q08,TC-Q09,TC-Q10,TC-Q11,TC-Q12,TC-Q13,TC-Q14,TC-Q15,TC-Q16,TC-Q17,TC-R01,TC-R02,TC-R03,TC-R04,TC-R05,TC-R06,TC-R07,TC-R08,TC-R11,TC-R12,TC-R13
test-automation/trade-flow-v2/reports/2026-06-02T10-47-07-787Z/results.json	2026-06-02	0	automated	results.json		117	0	0	REG-R01,REG-R02,REG-R03,REG-R04,REG-R05,REG-R06,REG-R07,REG-R08,TC-A01,TC-A02,TC-A03,TC-A04,TC-B01,TC-B02,TC-B03,TC-B04,TC-B05,TC-B06,TC-C01,TC-C02,TC-C03,TC-C04,TC-C05,TC-C06,TC-C07,TC-C08,TC-D01,TC-D02,TC-D03,TC-D04,TC-D05,TC-E01,TC-E02,TC-E03,TC-E04,TC-F01,TC-F02,TC-F03,TC-G01,TC-G02,TC-G03,TC-G04,TC-H01,TC-H02,TC-H03,TC-H04,TC-I01,TC-I02,TC-I03,TC-I04,TC-I05,TC-J01,TC-J02,TC-J03,TC-J04,TC-J05,TC-K01,TC-K02,TC-K03,TC-L01,TC-L02,TC-L03,TC-L04,TC-L05,TC-L06,TC-L07,TC-L08,TC-M01,TC-M02,TC-M03,TC-M04,TC-M05,TC-M06,TC-M07,TC-M08,TC-M09,TC-M10,TC-M11,TC-M12,TC-M13,TC-M14,TC-M15,TC-O01,TC-O02,TC-O03,TC-O04,TC-O05,TC-O06,TC-O07,TC-Q01,TC-Q02,TC-Q03,TC-Q04,TC-Q05,TC-Q06,TC-Q07,TC-Q08,TC-Q09,TC-Q10,TC-Q11,TC-Q12,TC-Q13,TC-Q14,TC-Q15,TC-Q16,TC-Q17,TC-R01,TC-R02,TC-R03,TC-R04,TC-R05,TC-R06,TC-R07,TC-R08,TC-R11,TC-R12,TC-R13
